file1,att1,sizeDistinct1,file2,att2,sizeDistinct2,joinSize,containment1,containment2,jaccard,size1,size2,label
worldcitiespop.csv,AccentCity,2375760,countries_and_continents.csv,Capital,243,221,9.3e-05,0.909465021,9.3e-05,3173958,251,semantic
worldcitiespop.csv,AccentCity,2375760,countries_of_the_world.csv,Country,225,132,5.56e-05,0.586666667,5.56e-05,3173958,227,domain
worldcitiespop.csv,AccentCity,2375760,countries_and_continents.csv,name,250,131,5.51e-05,0.524,5.51e-05,3173958,251,domain
worldcitiespop.csv,AccentCity,2375760,World_countries_env_vars.csv,Country,243,131,5.51e-05,0.53909465,5.51e-05,3173958,243,domain
worldcitiespop.csv,AccentCity,2375760,wikipedia-iso-country-codes.csv,English_short_name_lower_case,246,127,5.35e-05,0.516260163,5.35e-05,3173958,246,domain
worldcitiespop.csv,AccentCity,2375760,countries_and_continents.csv,official_name_en,242,124,5.22e-05,0.512396694,5.22e-05,3173958,251,domain
worldcitiespop.csv,AccentCity,2375760,fifa_ranking.csv,country_full,216,120,5.05e-05,0.555555556,5.05e-05,3173958,57793,domain
worldcitiespop.csv,AccentCity,2375760,gender_development.csv,Country,195,99,4.17e-05,0.507692308,4.17e-05,3173958,195,domain
worldcitiespop.csv,AccentCity,2375760,whr2015.csv,Country,158,97,4.08e-05,0.613924051,4.08e-05,3173958,158,domain
worldcitiespop.csv,AccentCity,2375760,who_suicide_statistics.csv,country,141,82,3.45e-05,0.581560284,3.45e-05,3173958,43776,domain
worldcitiespop.csv,AccentCity,2375760,countries_and_continents.csv,official_name_fr,242,77,3.24e-05,0.318181818,3.24e-05,3173958,251,domain
worldcitiespop.csv,AccentCity,2375760,ipums_la_98-small.csv,bplg,110,69,2.9e-05,0.627272727,2.9e-05,3173958,7485,domain
worldcitiespop.csv,AccentCity,2375760,Word_University_Rank_2020.csv,Country,92,61,2.57e-05,0.663043478,2.57e-05,3173958,1396,domain
worldcitiespop.csv,AccentCity,2375760,cwurData.csv,country,59,43,1.81e-05,0.728813559,1.81e-05,3173958,2200,domain
worldcitiespop.csv,AccentCity,2375760,Minimum_Wage_Data.csv,State,55,42,1.77e-05,0.763636364,1.77e-05,3173958,2750,domain
worldcitiespop.csv,AccentCity,2375760,movies.csv,country,57,42,1.77e-05,0.736842105,1.77e-05,3173958,6820,domain
worldcitiespop.csv,AccentCity,2375760,movie_metadata.csv,country,64,39,1.64e-05,0.609375,1.64e-05,3173958,4932,domain
worldcitiespop.csv,AccentCity,2375760,ipums_la_98-small.csv,migplac5,50,29,1.22e-05,0.58,1.22e-05,3173958,7485,domain
worldcitiespop.csv,AccentCity,2375760,countries_and_continents.csv,ISO4217-currency_name,148,28,1.18e-05,0.189189189,1.18e-05,3173958,251,domain
worldcitiespop.csv,AccentCity,2375760,movie_metadata.csv,language,47,18,7.58e-06,0.382978723,7.58e-06,3173958,4932,domain
worldcitiespop.csv,AccentCity,2375760,movies.csv,genre,17,6,2.53e-06,0.352941176,2.53e-06,3173958,6820,domain
worldcitiespop.csv,AccentCity,2375760,top50.csv,ArtistName,38,5,2.1e-06,0.131578947,2.1e-06,3173958,50,domain
worldcitiespop.csv,AccentCity,2375760,dataset_34_postoperative-patient-data.csv,decision,3,2,8.42e-07,0.666666667,8.42e-07,3173958,90,domain
worldcitiespop.csv,AccentCity,2375760,ipums_la_98-small.csv,tranwork,11,2,8.42e-07,0.181818182,8.42e-07,3173958,7485,domain
worldcitiespop.csv,AccentCity,2375760,iq_brain_size.csv,SEX,2,1,4.21e-07,0.5,4.21e-07,3173958,20,domain
worldcitiespop.csv,AccentCity,2375760,WA_Fn-UseC_-HR-Employee-Attrition.csv,Attrition,2,1,4.21e-07,0.5,4.21e-07,3173958,1470,domain
worldcitiespop.csv,AccentCity,2375760,WA_Fn-UseC_-HR-Employee-Attrition.csv,Department,3,1,4.21e-07,0.333333333,4.21e-07,3173958,1470,domain
worldcitiespop.csv,AccentCity,2375760,WA_Fn-UseC_-HR-Employee-Attrition.csv,Gender,2,1,4.21e-07,0.5,4.21e-07,3173958,1470,domain
worldcitiespop.csv,AccentCity,2375760,WA_Fn-UseC_-HR-Employee-Attrition.csv,MaritalStatus,3,1,4.21e-07,0.333333333,4.21e-07,3173958,1470,domain
worldcitiespop.csv,AccentCity,2375760,WA_Fn-UseC_-HR-Employee-Attrition.csv,Over18,1,1,4.21e-07,1,4.21e-07,3173958,1470,domain
worldcitiespop.csv,AccentCity,2375760,WA_Fn-UseC_-HR-Employee-Attrition.csv,OverTime,2,1,4.21e-07,0.5,4.21e-07,3173958,1470,domain
worldcitiespop.csv,AccentCity,2375760,dataset_1_anneal.csv,steel,8,1,4.21e-07,0.125,4.21e-07,3173958,898,domain
worldcitiespop.csv,AccentCity,2375760,dataset_1_anneal.csv,condition,3,1,4.21e-07,0.333333333,4.21e-07,3173958,898,domain
worldcitiespop.csv,AccentCity,2375760,dataset_1_anneal.csv,bc,2,1,4.21e-07,0.5,4.21e-07,3173958,898,domain
worldcitiespop.csv,AccentCity,2375760,dataset_1_anneal.csv,bf,2,1,4.21e-07,0.5,4.21e-07,3173958,898,domain
worldcitiespop.csv,AccentCity,2375760,dataset_1_anneal.csv,bt,2,1,4.21e-07,0.5,4.21e-07,3173958,898,domain
worldcitiespop.csv,AccentCity,2375760,dataset_1_anneal.csv,bl,2,1,4.21e-07,0.5,4.21e-07,3173958,898,domain
worldcitiespop.csv,AccentCity,2375760,dataset_1_anneal.csv,cbond,2,1,4.21e-07,0.5,4.21e-07,3173958,898,domain
worldcitiespop.csv,AccentCity,2375760,dataset_1_anneal.csv,exptl,2,1,4.21e-07,0.5,4.21e-07,3173958,898,domain
worldcitiespop.csv,AccentCity,2375760,dataset_1_anneal.csv,ferro,2,1,4.21e-07,0.5,4.21e-07,3173958,898,domain
worldcitiespop.csv,AccentCity,2375760,dataset_1_anneal.csv,lustre,2,1,4.21e-07,0.5,4.21e-07,3173958,898,domain
worldcitiespop.csv,AccentCity,2375760,dataset_1_anneal.csv,oil,3,1,4.21e-07,0.333333333,4.21e-07,3173958,898,domain
worldcitiespop.csv,AccentCity,2375760,dataset_1_anneal.csv,class,5,1,4.21e-07,0.2,4.21e-07,3173958,898,domain
worldcitiespop.csv,AccentCity,2375760,plasma_retinol.csv,SEX,2,1,4.21e-07,0.5,4.21e-07,3173958,315,domain
worldcitiespop.csv,AccentCity,2375760,plasma_retinol.csv,SMOKSTAT,3,1,4.21e-07,0.333333333,4.21e-07,3173958,315,domain
worldcitiespop.csv,AccentCity,2375760,plasma_retinol.csv,VITUSE,3,1,4.21e-07,0.333333333,4.21e-07,3173958,315,domain
worldcitiespop.csv,AccentCity,2375760,ipums_la_98-small.csv,farm,2,1,4.21e-07,0.5,4.21e-07,3173958,7485,domain
worldcitiespop.csv,AccentCity,2375760,ipums_la_98-small.csv,sex,2,1,4.21e-07,0.5,4.21e-07,3173958,7485,domain
worldcitiespop.csv,AccentCity,2375760,ipums_la_98-small.csv,raceg,7,1,4.21e-07,0.142857143,4.21e-07,3173958,7485,domain
worldcitiespop.csv,AccentCity,2375760,ipums_la_98-small.csv,workedyr,3,1,4.21e-07,0.333333333,4.21e-07,3173958,7485,domain
worldcitiespop.csv,AccentCity,2375760,phpRiBb0c.csv,mfr,10,1,4.21e-07,0.1,4.21e-07,3173958,77,domain
wikipedia-iso-country-codes.csv,Alpha-2_code,246,Netflix_Shows.csv,rating,13,2,0.008130081,0.153846154,0.007722008,246,1000,domain
wikipedia-iso-country-codes.csv,Alpha-2_code,246,dataset_1_anneal.csv,family,3,1,0.004065041,0.333333333,0.004016064,246,898,domain
wikipedia-iso-country-codes.csv,Alpha-2_code,246,billboard_lyrics_1964-2015.csv,Source,4,1,0.004065041,0.25,0.004,246,5100,domain
wikipedia-iso-country-codes.csv,Alpha-3_code,246,edu.csv,c_codes,183,179,0.727642276,0.978142077,0.417249417,246,15312,semantic
wikipedia-iso-country-codes.csv,Alpha-3_code,246,fifa_ranking.csv,country_abrv,216,135,0.548780488,0.625,0.292207792,246,57793,semantic
wikipedia-iso-country-codes.csv,Alpha-3_code,246,fifa_ranking.csv,confederation,6,1,0.004065041,0.166666667,0.003968254,246,57793,domain
dataSpotifyClass.csv,artist,1343,dataSpotify.csv,artist,1343,1343,1,1,0.5,2017,2017,semantic
top10s.csv,artist,184,dataSpotify.csv,artist,1343,98,0.532608696,0.072970961,0.064178127,603,2017,semantic
dataSpotifyClass.csv,artist,1343,top10s.csv,artist,184,98,0.072970961,0.532608696,0.064178127,2017,603,semantic
dataSpotifyClass.csv,artist,1343,featuresdf.csv,artists,78,62,0.046165302,0.794871795,0.043631246,2017,100,semantic
dataSpotifyClass.csv,artist,1343,top50.csv,ArtistName,38,19,0.014147431,0.5,0.013758146,2017,50,semantic
top50.csv,ArtistName,38,top10s.csv,artist,184,20,0.526315789,0.108695652,0.09009009,50,603,semantic
top50.csv,ArtistName,38,dataSpotify.csv,artist,1343,19,0.5,0.014147431,0.013758146,50,2017,semantic
top50.csv,ArtistName,38,netflix_titles.csv,cast,5471,4,0.105263158,0.000731128,0.000726085,50,6236,domain
featuresdf.csv,artists,78,dataSpotify.csv,artist,1343,62,0.794871795,0.046165302,0.043631246,100,2017,semantic
featuresdf.csv,artists,78,top10s.csv,artist,184,44,0.564102564,0.239130435,0.167938931,100,603,semantic
featuresdf.csv,artists,78,top50.csv,ArtistName,38,17,0.217948718,0.447368421,0.146551724,100,50,semantic
WA_Fn-UseC_-HR-Employee-Attrition.csv,Attrition,2,ipums_la_98-small.csv,workedyr,3,2,1,0.666666667,0.4,1470,7485,domain
WA_Fn-UseC_-HR-Employee-Attrition.csv,Attrition,2,countries_and_continents.csv,is_independent,19,1,0.5,0.052631579,0.047619048,1470,251,domain
WA_Fn-UseC_-HR-Employee-Attrition.csv,Attrition,2,movies.csv,name,6731,1,0.5,0.000148566,0.000148522,1470,6820,domain
WA_Fn-UseC_-HR-Employee-Attrition.csv,Attrition,2,movie_metadata.csv,movie_title,4808,1,0.5,0.000207987,0.0002079,1470,4932,domain
WA_Fn-UseC_-HR-Employee-Attrition.csv,Attrition,2,plasma_retinol.csv,VITUSE,3,1,0.5,0.333333333,0.2,1470,315,domain
WA_Fn-UseC_-HR-Employee-Attrition.csv,Attrition,2,ipums_la_98-small.csv,vetstat,3,1,0.5,0.333333333,0.2,1470,7485,domain
dataset_1_anneal.csv,blue%2Fbright%2Fvarn%2Fclean,4,phpRiBb0c.csv,type,5,1,0.25,0.2,0.111111111,898,77,domain
dataset_1_anneal.csv,blue%2Fbright%2Fvarn%2Fclean,4,phpRiBb0c.csv,protein,7,1,0.25,0.142857143,0.090909091,898,77,domain
ipums_la_98-small.csv,bplg,110,fifa_ranking.csv,country_full,216,40,0.363636364,0.185185185,0.122699387,7485,57793,domain
edu.csv,c_codes,183,fifa_ranking.csv,country_abrv,216,109,0.595628415,0.50462963,0.273182957,15312,57793,semantic
edu.csv,c_codes,183,fifa_ranking.csv,confederation,6,1,0.005464481,0.166666667,0.005291005,15312,57793,domain
countries_and_continents.csv,Capital,243,plasma_retinol.csv,SEX,2,1,0.004115226,0.5,0.004081633,251,315,domain
countries_and_continents.csv,Capital,243,ipums_la_98-small.csv,sex,2,1,0.004115226,0.5,0.004081633,251,7485,domain
ipums_la_98-small.csv,chborn,14,phpRiBb0c.csv,protein,7,4,0.285714286,0.571428571,0.19047619,7485,77,domain
ipums_la_98-small.csv,chborn,14,billboard_lyrics_1964-2015.csv,Song,4583,2,0.142857143,0.000436395,0.000435066,7485,5100,domain
ipums_la_98-small.csv,chborn,14,billboard_lyrics_1964-2015.csv,Source,4,2,0.142857143,0.5,0.111111111,7485,5100,domain
dataset_1_anneal.csv,chrom,2,phpRiBb0c.csv,type,5,1,0.5,0.2,0.142857143,898,77,domain
dataset_1_anneal.csv,chrom,2,phpRiBb0c.csv,protein,7,1,0.5,0.142857143,0.111111111,898,77,domain
worldcitiespop.csv,City,2351892,countries_and_continents.csv,MARC,244,78,3.32e-05,0.319672131,3.32e-05,3173958,251,domain
worldcitiespop.csv,City,2351892,dataset_34_postoperative-patient-data.csv,L_CORE,3,2,8.5e-07,0.666666667,8.5e-07,3173958,90,domain
worldcitiespop.csv,City,2351892,dataset_34_postoperative-patient-data.csv,L_SURF,3,2,8.5e-07,0.666666667,8.5e-07,3173958,90,domain
worldcitiespop.csv,City,2351892,dataset_34_postoperative-patient-data.csv,L_BP,3,2,8.5e-07,0.666666667,8.5e-07,3173958,90,domain
worldcitiespop.csv,City,2351892,dataset_34_postoperative-patient-data.csv,L_O2,2,1,4.25e-07,0.5,4.25e-07,3173958,90,domain
worldcitiespop.csv,City,2351892,dataset_34_postoperative-patient-data.csv,SURF_STBL,2,1,4.25e-07,0.5,4.25e-07,3173958,90,domain
worldcitiespop.csv,City,2351892,dataset_34_postoperative-patient-data.csv,CORE_STBL,3,1,4.25e-07,0.333333333,4.25e-07,3173958,90,domain
worldcitiespop.csv,City,2351892,dataset_34_postoperative-patient-data.csv,BP_STBL,3,1,4.25e-07,0.333333333,4.25e-07,3173958,90,domain
worldcitiespop.csv,City,2351892,who_suicide_statistics.csv,sex,2,1,4.25e-07,0.5,4.25e-07,3173958,43776,domain
dataset_1_anneal.csv,class,5,phpRiBb0c.csv,protein,7,4,0.8,0.571428571,0.333333333,898,77,domain
dataset_1_anneal.csv,class,5,gender_development.csv,Mean_Years_of_Education_Female,99,3,0.6,0.03030303,0.028846154,898,195,domain
dataset_1_anneal.csv,class,5,billboard_lyrics_1964-2015.csv,Source,4,3,0.6,0.75,0.333333333,898,5100,domain
dataset_1_anneal.csv,class,5,ipums_la_98-small.csv,chborn,14,2,0.4,0.142857143,0.105263158,898,7485,domain
dataset_1_anneal.csv,class,5,gender_development.csv,Gender_Development_Index_GDI,114,1,0.2,0.00877193,0.008403361,898,195,domain
dataset_1_anneal.csv,class,5,gender_development.csv,Mean_Years_of_Education_Male,90,1,0.2,0.011111111,0.010526316,898,195,domain
dataset_1_anneal.csv,class,5,billboard_lyrics_1964-2015.csv,Song,4583,1,0.2,0.000218198,0.00021796,898,5100,domain
dataset_34_postoperative-patient-data.csv,COMFORT,5,Word_University_Rank_2020.csv,Rank_Char,145,2,0.4,0.013793103,0.013333333,90,1396,domain
dataset_34_postoperative-patient-data.csv,COMFORT,5,song_data.csv,song_popularity,102,2,0.4,0.019607843,0.018691589,90,18835,domain
dataset_34_postoperative-patient-data.csv,COMFORT,5,gender_development.csv,Expected_Years_of_Education_Male,85,2,0.4,0.023529412,0.022222222,90,195,domain
dataset_34_postoperative-patient-data.csv,COMFORT,5,Minimum_Wage_Data.csv,HighValue,173,1,0.2,0.005780347,0.005617978,90,2750,domain
dataset_34_postoperative-patient-data.csv,COMFORT,5,Minimum_Wage_Data.csv,LowValue,179,1,0.2,0.005586592,0.005434783,90,2750,domain
dataset_34_postoperative-patient-data.csv,COMFORT,5,Minimum_Wage_Data.csv,High2018,485,1,0.2,0.002061856,0.002040816,90,2750,domain
dataset_34_postoperative-patient-data.csv,COMFORT,5,Minimum_Wage_Data.csv,Low2018,548,1,0.2,0.001824818,0.001808318,90,2750,domain
dataset_34_postoperative-patient-data.csv,COMFORT,5,Brainsize.csv,Weight,33,1,0.2,0.03030303,0.026315789,90,40,domain
dataset_34_postoperative-patient-data.csv,COMFORT,5,Brainsize.csv,Height,24,1,0.2,0.041666667,0.034482759,90,40,domain
dataset_34_postoperative-patient-data.csv,COMFORT,5,countries_and_continents.csv,GAUL,244,1,0.2,0.004098361,0.004016064,90,251,domain
dataset_34_postoperative-patient-data.csv,COMFORT,5,gender_development.csv,Expected_Years_of_Education_Female,97,1,0.2,0.010309278,0.009803922,90,195,domain
dataset_34_postoperative-patient-data.csv,COMFORT,5,gender_development.csv,Mean_Years_of_Education_Female,99,1,0.2,0.01010101,0.009615385,90,195,domain
dataset_34_postoperative-patient-data.csv,COMFORT,5,gender_development.csv,Mean_Years_of_Education_Male,90,1,0.2,0.011111111,0.010526316,90,195,domain
dataset_34_postoperative-patient-data.csv,COMFORT,5,ipums_la_98-small.csv,ownershg,3,1,0.2,0.333333333,0.125,90,7485,domain
dataset_34_postoperative-patient-data.csv,COMFORT,5,ipums_la_98-small.csv,chborn,14,1,0.2,0.071428571,0.052631579,90,7485,domain
dataset_34_postoperative-patient-data.csv,COMFORT,5,ipums_la_98-small.csv,educrec,10,1,0.2,0.1,0.066666667,90,7485,domain
dataset_34_postoperative-patient-data.csv,COMFORT,5,ipums_la_98-small.csv,schltype,4,1,0.2,0.25,0.111111111,90,7485,domain
dataset_34_postoperative-patient-data.csv,COMFORT,5,ipums_la_98-small.csv,empstatg,4,1,0.2,0.25,0.111111111,90,7485,domain
dataset_34_postoperative-patient-data.csv,COMFORT,5,ipums_la_98-small.csv,labforce,3,1,0.2,0.333333333,0.125,90,7485,domain
dataset_34_postoperative-patient-data.csv,COMFORT,5,ipums_la_98-small.csv,occ1950,182,1,0.2,0.005494505,0.005347594,90,7485,domain
dataset_34_postoperative-patient-data.csv,COMFORT,5,ipums_la_98-small.csv,ind1950,132,1,0.2,0.007575758,0.00729927,90,7485,domain
dataset_34_postoperative-patient-data.csv,COMFORT,5,ipums_la_98-small.csv,classwkg,3,1,0.2,0.333333333,0.125,90,7485,domain
dataset_34_postoperative-patient-data.csv,COMFORT,5,ipums_la_98-small.csv,wkswork2,7,1,0.2,0.142857143,0.083333333,90,7485,domain
dataset_34_postoperative-patient-data.csv,COMFORT,5,ipums_la_98-small.csv,hrswork2,9,1,0.2,0.111111111,0.071428571,90,7485,domain
dataset_34_postoperative-patient-data.csv,COMFORT,5,ipums_la_98-small.csv,yrlastwk,8,1,0.2,0.125,0.076923077,90,7485,domain
dataset_34_postoperative-patient-data.csv,COMFORT,5,ipums_la_98-small.csv,workedyr,3,1,0.2,0.333333333,0.125,90,7485,domain
dataset_34_postoperative-patient-data.csv,COMFORT,5,ipums_la_98-small.csv,migrat5g,6,1,0.2,0.166666667,0.090909091,90,7485,domain
dataset_34_postoperative-patient-data.csv,COMFORT,5,ipums_la_98-small.csv,migplac5,50,1,0.2,0.02,0.018181818,90,7485,domain
dataset_34_postoperative-patient-data.csv,COMFORT,5,ipums_la_98-small.csv,vetstat,3,1,0.2,0.333333333,0.125,90,7485,domain
dataset_34_postoperative-patient-data.csv,COMFORT,5,ipums_la_98-small.csv,tranwork,11,1,0.2,0.090909091,0.0625,90,7485,domain
dataset_1_anneal.csv,condition,3,phpRiBb0c.csv,mfr,10,1,0.333333333,0.1,0.076923077,898,77,domain
countries_and_continents.csv,Continent,8,wikipedia-iso-country-codes.csv,Alpha-2_code,246,5,0.625,0.020325203,0.019685039,251,246,domain
countries_and_continents.csv,Continent,8,Netflix_Shows.csv,user_rating_score,43,1,0.125,0.023255814,0.019607843,251,1000,domain
countries_and_continents.csv,Continent,8,billboard_lyrics_1964-2015.csv,Lyrics,4634,1,0.125,0.000215796,0.000215424,251,5100,domain
countries_and_continents.csv,Continent,8,billboard_lyrics_1964-2015.csv,Source,4,1,0.125,0.25,0.083333333,251,5100,domain
movie_metadata.csv,country,64,countries_of_the_world.csv,Country,225,56,0.875,0.248888889,0.193771626,4932,227,semantic
movie_metadata.csv,country,64,World_countries_env_vars.csv,Country,243,55,0.859375,0.226337449,0.179153094,4932,243,semantic
gender_development.csv,Country,195,fifa_ranking.csv,country_full,216,161,0.825641026,0.74537037,0.391727494,195,57793,semantic
movie_metadata.csv,country,64,fifa_ranking.csv,country_full,216,52,0.8125,0.240740741,0.185714286,4932,57793,semantic
movie_metadata.csv,country,64,gender_development.csv,Country,195,51,0.796875,0.261538462,0.196911197,4932,195,semantic
movie_metadata.csv,country,64,ipums_la_98-small.csv,bplg,110,27,0.421875,0.245454545,0.155172414,4932,7485,domain
gender_development.csv,Country,195,ipums_la_98-small.csv,bplg,110,35,0.179487179,0.318181818,0.114754098,195,7485,semantic
cwurData.csv,country,59,whr2015.csv,Country,158,56,0.949152542,0.35443038,0.258064516,2200,158,semantic
cwurData.csv,country,59,countries_of_the_world.csv,Country,225,56,0.949152542,0.248888889,0.197183099,2200,227,semantic
Word_University_Rank_2020.csv,Country,92,wikipedia-iso-country-codes.csv,English_short_name_lower_case,246,87,0.945652174,0.353658537,0.25739645,1396,246,semantic
whr2015.csv,Country,158,World_countries_env_vars.csv,Country,243,149,0.943037975,0.613168724,0.371571072,158,243,semantic
Word_University_Rank_2020.csv,Country,92,whr2015.csv,Country,158,86,0.934782609,0.544303797,0.344,1396,158,semantic
Word_University_Rank_2020.csv,Country,92,countries_of_the_world.csv,Country,225,86,0.934782609,0.382222222,0.271293375,1396,227,semantic
Word_University_Rank_2020.csv,Country,92,World_countries_env_vars.csv,Country,243,86,0.934782609,0.353909465,0.256716418,1396,243,semantic
cwurData.csv,country,59,World_countries_env_vars.csv,Country,243,55,0.93220339,0.226337449,0.182119205,2200,243,semantic
whr2015.csv,Country,158,countries_of_the_world.csv,Country,225,145,0.917721519,0.644444444,0.378590078,158,227,semantic
whr2015.csv,Country,158,fifa_ranking.csv,country_full,216,143,0.905063291,0.662037037,0.382352941,158,57793,semantic
Word_University_Rank_2020.csv,Country,92,gender_development.csv,Country,195,82,0.891304348,0.420512821,0.285714286,1396,195,semantic
Word_University_Rank_2020.csv,Country,92,fifa_ranking.csv,country_full,216,82,0.891304348,0.37962963,0.266233766,1396,57793,semantic
cwurData.csv,country,59,fifa_ranking.csv,country_full,216,52,0.881355932,0.240740741,0.189090909,2200,57793,semantic
whr2015.csv,Country,158,gender_development.csv,Country,195,138,0.873417722,0.707692308,0.390934844,158,195,semantic
countries_of_the_world.csv,Country,225,World_countries_env_vars.csv,Country,243,195,0.866666667,0.802469136,0.416666667,227,243,semantic
cwurData.csv,country,59,gender_development.csv,Country,195,51,0.86440678,0.261538462,0.200787402,2200,195,semantic
movies.csv,country,57,countries_of_the_world.csv,Country,225,49,0.859649123,0.217777778,0.173758865,6820,227,semantic
movies.csv,country,57,World_countries_env_vars.csv,Country,243,48,0.842105263,0.197530864,0.16,6820,243,semantic
who_suicide_statistics.csv,country,141,World_countries_env_vars.csv,Country,243,118,0.836879433,0.485596708,0.307291667,43776,243,semantic
movies.csv,country,57,whr2015.csv,Country,158,47,0.824561404,0.297468354,0.218604651,6820,158,semantic
movies.csv,country,57,fifa_ranking.csv,country_full,216,47,0.824561404,0.217592593,0.172161172,6820,57793,semantic
who_suicide_statistics.csv,country,141,countries_of_the_world.csv,Country,225,116,0.822695035,0.515555556,0.316939891,43776,227,semantic
cwurData.csv,country,59,who_suicide_statistics.csv,country,141,48,0.813559322,0.340425532,0.24,2200,43776,semantic
movies.csv,country,57,movie_metadata.csv,country,64,46,0.807017544,0.71875,0.380165289,6820,4932,semantic
who_suicide_statistics.csv,country,141,fifa_ranking.csv,country_full,216,112,0.794326241,0.518518519,0.31372549,43776,57793,semantic
who_suicide_statistics.csv,country,141,gender_development.csv,Country,195,111,0.787234043,0.569230769,0.330357143,43776,195,semantic
countries_of_the_world.csv,Country,225,fifa_ranking.csv,country_full,216,176,0.782222222,0.814814815,0.399092971,227,57793,semantic
movies.csv,country,57,gender_development.csv,Country,195,44,0.771929825,0.225641026,0.174603175,6820,195,semantic
Word_University_Rank_2020.csv,Country,92,who_suicide_statistics.csv,country,141,70,0.760869565,0.496453901,0.300429185,1396,43776,semantic
cwurData.csv,country,59,movie_metadata.csv,country,64,43,0.728813559,0.671875,0.349593496,2200,4932,semantic
World_countries_env_vars.csv,Country,243,fifa_ranking.csv,country_full,216,177,0.728395062,0.819444444,0.385620915,243,57793,semantic
movies.csv,country,57,who_suicide_statistics.csv,country,141,41,0.719298246,0.290780142,0.207070707,6820,43776,semantic
countries_of_the_world.csv,Country,225,gender_development.csv,Country,195,160,0.711111111,0.820512821,0.380952381,227,195,semantic
cwurData.csv,country,59,movies.csv,country,57,41,0.694915254,0.719298246,0.353448276,2200,6820,semantic
World_countries_env_vars.csv,Country,243,gender_development.csv,Country,195,164,0.674897119,0.841025641,0.374429224,243,195,semantic
worldcitiespop.csv,Country,234,countries_and_continents.csv,MARC,244,153,0.653846154,0.62704918,0.320083682,3173958,251,domain
Word_University_Rank_2020.csv,Country,92,netflix_titles.csv,country,563,56,0.608695652,0.09946714,0.085496183,1396,6236,semantic
Word_University_Rank_2020.csv,Country,92,cwurData.csv,country,59,54,0.586956522,0.915254237,0.357615894,1396,2200,semantic
whr2015.csv,Country,158,who_suicide_statistics.csv,country,141,92,0.582278481,0.65248227,0.307692308,158,43776,semantic
Word_University_Rank_2020.csv,Country,92,movie_metadata.csv,country,64,47,0.510869565,0.734375,0.301282051,1396,4932,semantic
cwurData.csv,country,59,ipums_la_98-small.csv,bplg,110,30,0.508474576,0.272727273,0.177514793,2200,7485,domain
Word_University_Rank_2020.csv,Country,92,movies.csv,country,57,46,0.5,0.807017544,0.308724832,1396,6820,semantic
movies.csv,country,57,ipums_la_98-small.csv,bplg,110,27,0.473684211,0.245454545,0.161676647,6820,7485,domain
Word_University_Rank_2020.csv,Country,92,ipums_la_98-small.csv,bplg,110,36,0.391304348,0.327272727,0.178217822,1396,7485,domain
whr2015.csv,Country,158,movie_metadata.csv,country,64,55,0.348101266,0.859375,0.247747748,158,4932,semantic
who_suicide_statistics.csv,country,141,movie_metadata.csv,country,64,43,0.304964539,0.671875,0.209756098,43776,4932,semantic
whr2015.csv,Country,158,ipums_la_98-small.csv,bplg,110,38,0.240506329,0.345454545,0.141791045,158,7485,domain
who_suicide_statistics.csv,country,141,ipums_la_98-small.csv,bplg,110,30,0.212765957,0.272727273,0.119521912,43776,7485,domain
countries_of_the_world.csv,Country,225,ipums_la_98-small.csv,bplg,110,41,0.182222222,0.372727273,0.12238806,227,7485,domain
World_countries_env_vars.csv,Country,243,ipums_la_98-small.csv,bplg,110,40,0.164609053,0.363636364,0.113314448,243,7485,domain
netflix_titles.csv,country,563,whr2015.csv,Country,158,61,0.108348135,0.386075949,0.084604716,6236,158,semantic
netflix_titles.csv,country,563,countries_of_the_world.csv,Country,225,60,0.106571936,0.266666667,0.076142132,6236,227,semantic
netflix_titles.csv,country,563,wikipedia-iso-country-codes.csv,English_short_name_lower_case,246,59,0.104795737,0.239837398,0.072929543,6236,246,semantic
netflix_titles.csv,country,563,World_countries_env_vars.csv,Country,243,59,0.104795737,0.242798354,0.073200993,6236,243,semantic
netflix_titles.csv,country,563,gender_development.csv,Country,195,55,0.097690941,0.282051282,0.072559367,6236,195,semantic
netflix_titles.csv,country,563,fifa_ranking.csv,country_full,216,55,0.097690941,0.25462963,0.070603338,6236,57793,semantic
netflix_titles.csv,country,563,cwurData.csv,country,59,46,0.081705151,0.779661017,0.073954984,6236,2200,semantic
netflix_titles.csv,country,563,movie_metadata.csv,country,64,46,0.081705151,0.71875,0.073365231,6236,4932,semantic
netflix_titles.csv,country,563,who_suicide_statistics.csv,country,141,45,0.079928952,0.319148936,0.063920455,6236,43776,semantic
netflix_titles.csv,country,563,movies.csv,country,57,40,0.071047957,0.701754386,0.064516129,6236,6820,semantic
netflix_titles.csv,country,563,ipums_la_98-small.csv,bplg,110,29,0.051509769,0.263636364,0.043090639,6236,7485,domain
dataset_34_postoperative-patient-data.csv,decision,3,countries_and_continents.csv,DS,198,3,1,0.015151515,0.014925373,90,251,domain
dataset_34_postoperative-patient-data.csv,decision,3,countries_and_continents.csv,ITU,233,2,0.666666667,0.008583691,0.008474576,90,251,domain
dataset_34_postoperative-patient-data.csv,decision,3,dataset_1_anneal.csv,steel,8,2,0.666666667,0.25,0.181818182,90,898,domain
dataset_34_postoperative-patient-data.csv,decision,3,dataset_1_anneal.csv,condition,3,2,0.666666667,0.666666667,0.333333333,90,898,domain
dataset_34_postoperative-patient-data.csv,decision,3,phpRiBb0c.csv,mfr,10,1,0.333333333,0.1,0.076923077,90,77,domain
countries_and_continents.csv,Dial,229,song_data.csv,song_popularity,102,46,0.200873362,0.450980392,0.13897281,251,18835,domain
countries_and_continents.csv,Dial,229,Word_University_Rank_2020.csv,Rank_Char,145,33,0.144104803,0.227586207,0.088235294,251,1396,domain
countries_and_continents.csv,Dial,229,Netflix_Shows.csv,user_rating_score,43,21,0.091703057,0.488372093,0.077205882,251,1000,domain
countries_and_continents.csv,Dial,229,dataset_1_anneal.csv,class,5,1,0.004366812,0.2,0.004273504,251,898,domain
countries_and_continents.csv,Dial,229,phpRiBb0c.csv,protein,7,1,0.004366812,0.142857143,0.004237288,251,77,domain
countries_and_continents.csv,Dial,229,billboard_lyrics_1964-2015.csv,Source,4,1,0.004366812,0.25,0.004291845,251,5100,domain
movies.csv,director,2759,movie_metadata.csv,director_name,2346,1532,0.55527365,0.653026428,0.300097943,6820,4932,semantic
netflix_titles.csv,director,3302,movies.csv,director,2759,615,0.186250757,0.22290685,0.101468405,6236,6820,semantic
netflix_titles.csv,director,3302,movie_metadata.csv,director_name,2346,580,0.175651121,0.247229327,0.102691218,6236,4932,semantic
netflix_titles.csv,director,3302,movies.csv,writer,4199,333,0.100847971,0.079304596,0.044394081,6236,6820,domain
IMDB-Movie-Data.csv,Director,646,movies.csv,director,2759,532,0.823529412,0.192823487,0.156240822,1000,6820,semantic
IMDB-Movie-Data.csv,Director,646,movie_metadata.csv,director_name,2346,469,0.726006192,0.199914749,0.156751337,1000,4932,semantic
IMDB-Movie-Data.csv,Director,646,movies.csv,writer,4199,302,0.46749226,0.071921886,0.062332301,1000,6820,domain
IMDB-Movie-Data.csv,Director,646,netflix_titles.csv,director,3302,277,0.42879257,0.083888552,0.070162107,1000,6236,semantic
countries_and_continents.csv,DS,198,wikipedia-iso-country-codes.csv,Alpha-2_code,246,92,0.464646465,0.37398374,0.207207207,251,246,semantic
countries_and_continents.csv,DS,198,wikipedia-iso-country-codes.csv,Alpha-3_code,246,29,0.146464646,0.117886179,0.065315315,251,246,semantic
countries_and_continents.csv,DS,198,fifa_ranking.csv,country_abrv,216,29,0.146464646,0.134259259,0.070048309,251,57793,semantic
countries_and_continents.csv,DS,198,edu.csv,c_codes,183,27,0.136363636,0.147540984,0.070866142,251,15312,semantic
countries_and_continents.csv,DS,198,phpRiBb0c.csv,mfr,10,6,0.03030303,0.6,0.028846154,251,77,domain
countries_and_continents.csv,DS,198,dataset_1_anneal.csv,steel,8,5,0.025252525,0.625,0.024271845,251,898,domain
countries_and_continents.csv,DS,198,dataset_1_anneal.csv,surface-quality,5,4,0.02020202,0.8,0.019704433,251,898,domain
countries_and_continents.csv,DS,198,dataset_1_anneal.csv,blue%2Fbright%2Fvarn%2Fclean,4,3,0.015151515,0.75,0.014851485,251,898,domain
countries_and_continents.csv,DS,198,movies.csv,rating,13,2,0.01010101,0.153846154,0.009478673,251,6820,domain
countries_and_continents.csv,DS,198,dataset_1_anneal.csv,condition,3,2,0.01010101,0.666666667,0.009950249,251,898,domain
countries_and_continents.csv,DS,198,dataset_1_anneal.csv,bw%2Fme,3,2,0.01010101,0.666666667,0.009950249,251,898,domain
countries_and_continents.csv,DS,198,phpRiBb0c.csv,type,5,2,0.01010101,0.4,0.009852217,251,77,domain
countries_and_continents.csv,DS,198,dataset_1_anneal.csv,family,3,1,0.005050505,0.333333333,0.004975124,251,898,domain
countries_and_continents.csv,DS,198,dataset_1_anneal.csv,product_type,1,1,0.005050505,1,0.005025126,251,898,domain
countries_and_continents.csv,DS,198,dataset_1_anneal.csv,temper_rolling,2,1,0.005050505,0.5,0.005,251,898,domain
countries_and_continents.csv,DS,198,dataset_1_anneal.csv,non-ageing,2,1,0.005050505,0.5,0.005,251,898,domain
countries_and_continents.csv,DS,198,dataset_1_anneal.csv,surface-finish,2,1,0.005050505,0.5,0.005,251,898,domain
countries_and_continents.csv,DS,198,dataset_1_anneal.csv,chrom,2,1,0.005050505,0.5,0.005,251,898,domain
countries_and_continents.csv,DS,198,dataset_1_anneal.csv,phos,2,1,0.005050505,0.5,0.005,251,898,domain
countries_and_continents.csv,DS,198,dataset_1_anneal.csv,oil,3,1,0.005050505,0.333333333,0.004975124,251,898,domain
countries_and_continents.csv,DS,198,phpRiBb0c.csv,protein,7,1,0.005050505,0.142857143,0.004878049,251,77,domain
countries_and_continents.csv,DS,198,billboard_lyrics_1964-2015.csv,Source,4,1,0.005050505,0.25,0.004950495,251,5100,domain
WA_Fn-UseC_-HR-Employee-Attrition.csv,EducationField,6,ipums_la_98-small.csv,tranwork,11,1,0.166666667,0.090909091,0.058823529,1470,7485,domain
wikipedia-iso-country-codes.csv,English_short_name_lower_case,246,World_countries_env_vars.csv,Country,243,202,0.821138211,0.83127572,0.413087935,246,243,semantic
wikipedia-iso-country-codes.csv,English_short_name_lower_case,246,countries_of_the_world.csv,Country,225,197,0.800813008,0.875555556,0.418259023,246,227,semantic
wikipedia-iso-country-codes.csv,English_short_name_lower_case,246,fifa_ranking.csv,country_full,216,179,0.727642276,0.828703704,0.387445887,246,57793,semantic
wikipedia-iso-country-codes.csv,English_short_name_lower_case,246,gender_development.csv,Country,195,171,0.695121951,0.876923077,0.387755102,246,195,semantic
wikipedia-iso-country-codes.csv,English_short_name_lower_case,246,whr2015.csv,Country,158,143,0.581300813,0.905063291,0.353960396,246,158,semantic
wikipedia-iso-country-codes.csv,English_short_name_lower_case,246,who_suicide_statistics.csv,country,141,125,0.508130081,0.886524823,0.322997416,246,43776,semantic
wikipedia-iso-country-codes.csv,English_short_name_lower_case,246,cwurData.csv,country,59,56,0.227642276,0.949152542,0.183606557,246,2200,semantic
wikipedia-iso-country-codes.csv,English_short_name_lower_case,246,movie_metadata.csv,country,64,55,0.223577236,0.859375,0.177419355,246,4932,semantic
wikipedia-iso-country-codes.csv,English_short_name_lower_case,246,movies.csv,country,57,49,0.199186992,0.859649123,0.161716172,246,6820,semantic
wikipedia-iso-country-codes.csv,English_short_name_lower_case,246,ipums_la_98-small.csv,bplg,110,38,0.154471545,0.345454545,0.106741573,246,7485,domain
gender_development.csv,Expected_Years_of_Education_Female,97,ipums_la_98-small.csv,chborn,14,4,0.041237113,0.285714286,0.036036036,195,7485,domain
gender_development.csv,Expected_Years_of_Education_Male,85,ipums_la_98-small.csv,chborn,14,2,0.023529412,0.142857143,0.02020202,195,7485,domain
countries_and_continents.csv,FIFA,238,fifa_ranking.csv,country_abrv,216,203,0.852941176,0.939814815,0.447136564,251,57793,semantic
countries_and_continents.csv,FIFA,238,wikipedia-iso-country-codes.csv,Alpha-3_code,246,156,0.655462185,0.634146341,0.32231405,251,246,semantic
countries_and_continents.csv,FIFA,238,edu.csv,c_codes,183,112,0.470588235,0.612021858,0.266033254,251,15312,semantic
countries_and_continents.csv,FIPS,248,wikipedia-iso-country-codes.csv,Alpha-2_code,246,163,0.657258065,0.662601626,0.329959514,251,246,semantic
countries_and_continents.csv,FIPS,248,dataset_1_anneal.csv,family,3,1,0.004032258,0.333333333,0.003984064,251,898,domain
countries_and_continents.csv,GAUL,244,Word_University_Rank_2020.csv,Rank_Char,145,112,0.459016393,0.772413793,0.287917738,251,1396,domain
countries_and_continents.csv,GAUL,244,song_data.csv,song_popularity,102,87,0.356557377,0.852941176,0.251445087,251,18835,domain
countries_and_continents.csv,GAUL,244,Netflix_Shows.csv,user_rating_score,43,37,0.151639344,0.860465116,0.128919861,251,1000,domain
countries_and_continents.csv,GAUL,244,gender_development.csv,Life_Expectancy_at_Birth_Female,133,17,0.069672131,0.127819549,0.045092838,251,195,domain
countries_and_continents.csv,GAUL,244,gender_development.csv,Mean_Years_of_Education_Female,99,10,0.040983607,0.101010101,0.029154519,251,195,domain
countries_and_continents.csv,GAUL,244,phpRiBb0c.csv,calories,12,9,0.036885246,0.75,0.03515625,251,77,domain
countries_and_continents.csv,GAUL,244,ipums_la_98-small.csv,chborn,14,7,0.028688525,0.5,0.027131783,251,7485,domain
countries_and_continents.csv,GAUL,244,phpRiBb0c.csv,protein,7,4,0.016393443,0.571428571,0.015936255,251,77,domain
countries_and_continents.csv,GAUL,244,dataset_1_anneal.csv,class,5,3,0.012295082,0.6,0.012048193,251,898,domain
countries_and_continents.csv,GAUL,244,billboard_lyrics_1964-2015.csv,Source,4,3,0.012295082,0.75,0.012096774,251,5100,domain
WA_Fn-UseC_-HR-Employee-Attrition.csv,Gender,2,plasma_retinol.csv,SEX,2,2,1,1,0.5,1470,315,semantic
WA_Fn-UseC_-HR-Employee-Attrition.csv,Gender,2,ipums_la_98-small.csv,sex,2,2,1,1,0.5,1470,7485,semantic
WA_Fn-UseC_-HR-Employee-Attrition.csv,Gender,2,countries_and_continents.csv,Capital,243,1,0.5,0.004115226,0.004081633,1470,251,domain
gender_development.csv,Gender_Development_Index_GDI,114,phpRiBb0c.csv,protein,7,1,0.00877193,0.142857143,0.008264463,195,77,domain
gender_development.csv,Gender_Development_Index_GDI,114,billboard_lyrics_1964-2015.csv,Source,4,1,0.00877193,0.25,0.008474576,195,5100,domain
top50.csv,Genre,22,top10s.csv,top_genre,50,13,0.590909091,0.26,0.180555556,50,603,semantic
IMDB-Movie-Data.csv,Genre,207,movies.csv,genre,17,7,0.033816425,0.411764706,0.03125,1000,6820,semantic
Brainsize.csv,Height,24,gender_development.csv,Life_Expectancy_at_Birth_Male,139,9,0.375,0.064748201,0.055214724,40,195,domain
Brainsize.csv,Height,24,gender_development.csv,Life_Expectancy_at_Birth_Female,133,3,0.125,0.022556391,0.01910828,40,195,domain
Brainsize.csv,Height,24,ipums_la_98-small.csv,ownershg,3,1,0.041666667,0.333333333,0.037037037,40,7485,domain
Brainsize.csv,Height,24,ipums_la_98-small.csv,educrec,10,1,0.041666667,0.1,0.029411765,40,7485,domain
Brainsize.csv,Height,24,ipums_la_98-small.csv,schltype,4,1,0.041666667,0.25,0.035714286,40,7485,domain
Brainsize.csv,Height,24,ipums_la_98-small.csv,empstatg,4,1,0.041666667,0.25,0.035714286,40,7485,domain
Brainsize.csv,Height,24,ipums_la_98-small.csv,labforce,3,1,0.041666667,0.333333333,0.037037037,40,7485,domain
Brainsize.csv,Height,24,ipums_la_98-small.csv,classwkg,3,1,0.041666667,0.333333333,0.037037037,40,7485,domain
Brainsize.csv,Height,24,ipums_la_98-small.csv,wkswork2,7,1,0.041666667,0.142857143,0.032258065,40,7485,domain
Brainsize.csv,Height,24,ipums_la_98-small.csv,hrswork2,9,1,0.041666667,0.111111111,0.03030303,40,7485,domain
Brainsize.csv,Height,24,ipums_la_98-small.csv,yrlastwk,8,1,0.041666667,0.125,0.03125,40,7485,domain
Brainsize.csv,Height,24,ipums_la_98-small.csv,workedyr,3,1,0.041666667,0.333333333,0.037037037,40,7485,domain
Brainsize.csv,Height,24,ipums_la_98-small.csv,migrat5g,6,1,0.041666667,0.166666667,0.033333333,40,7485,domain
Brainsize.csv,Height,24,ipums_la_98-small.csv,vetstat,3,1,0.041666667,0.333333333,0.037037037,40,7485,domain
Minimum_Wage_Data.csv,High2018,485,gender_development.csv,Mean_Years_of_Education_Male,90,43,0.088659794,0.477777778,0.074782609,2750,195,domain
Minimum_Wage_Data.csv,High2018,485,gender_development.csv,Mean_Years_of_Education_Female,99,41,0.084536082,0.414141414,0.070205479,2750,195,domain
Minimum_Wage_Data.csv,High2018,485,gender_development.csv,Expected_Years_of_Education_Female,97,26,0.053608247,0.268041237,0.04467354,2750,195,domain
Minimum_Wage_Data.csv,High2018,485,gender_development.csv,Expected_Years_of_Education_Male,85,17,0.035051546,0.2,0.029824561,2750,195,domain
Minimum_Wage_Data.csv,High2018,485,ipums_la_98-small.csv,chborn,14,5,0.010309278,0.357142857,0.01002004,2750,7485,domain
Minimum_Wage_Data.csv,High2018,485,billboard_lyrics_1964-2015.csv,Source,4,2,0.004123711,0.5,0.00408998,2750,5100,domain
Minimum_Wage_Data.csv,High2018,485,countries_and_continents.csv,Continent,8,1,0.002061856,0.125,0.002028398,2750,251,domain
Minimum_Wage_Data.csv,High2018,485,dataset_1_anneal.csv,class,5,1,0.002061856,0.2,0.002040816,2750,898,domain
Minimum_Wage_Data.csv,High2018,485,phpRiBb0c.csv,protein,7,1,0.002061856,0.142857143,0.00203252,2750,77,domain
Minimum_Wage_Data.csv,HighValue,173,gender_development.csv,Mean_Years_of_Education_Female,99,52,0.300578035,0.525252525,0.191176471,2750,195,domain
Minimum_Wage_Data.csv,HighValue,173,gender_development.csv,Mean_Years_of_Education_Male,90,40,0.231213873,0.444444444,0.152091255,2750,195,domain
Minimum_Wage_Data.csv,HighValue,173,gender_development.csv,Expected_Years_of_Education_Female,97,23,0.132947977,0.237113402,0.085185185,2750,195,domain
Minimum_Wage_Data.csv,HighValue,173,gender_development.csv,Expected_Years_of_Education_Male,85,14,0.080924855,0.164705882,0.054263566,2750,195,domain
Minimum_Wage_Data.csv,HighValue,173,song_data.csv,song_popularity,102,11,0.063583815,0.107843137,0.04,2750,18835,domain
Minimum_Wage_Data.csv,HighValue,173,ipums_la_98-small.csv,chborn,14,7,0.040462428,0.5,0.037433155,2750,7485,domain
Minimum_Wage_Data.csv,HighValue,173,phpRiBb0c.csv,protein,7,5,0.028901734,0.714285714,0.027777778,2750,77,domain
Minimum_Wage_Data.csv,HighValue,173,dataset_1_anneal.csv,class,5,4,0.023121387,0.8,0.02247191,2750,898,domain
Minimum_Wage_Data.csv,HighValue,173,billboard_lyrics_1964-2015.csv,Source,4,4,0.023121387,1,0.02259887,2750,5100,domain
Minimum_Wage_Data.csv,HighValue,173,countries_and_continents.csv,Continent,8,1,0.005780347,0.125,0.005524862,2750,251,domain
countries_and_continents.csv,IOC,227,fifa_ranking.csv,country_abrv,216,178,0.784140969,0.824074074,0.401805869,251,57793,semantic
countries_and_continents.csv,IOC,227,wikipedia-iso-country-codes.csv,Alpha-3_code,246,127,0.559471366,0.516260163,0.268498943,251,246,semantic
countries_and_continents.csv,IOC,227,edu.csv,c_codes,183,100,0.440528634,0.546448087,0.243902439,251,15312,semantic
countries_and_continents.csv,IOC,227,fifa_ranking.csv,confederation,6,1,0.004405286,0.166666667,0.004291845,251,57793,domain
countries_and_continents.csv,is_independent,19,ipums_la_98-small.csv,workedyr,3,1,0.052631579,0.333333333,0.045454545,251,7485,domain
countries_and_continents.csv,is_independent,19,ipums_la_98-small.csv,vetstat,3,1,0.052631579,0.333333333,0.045454545,251,7485,domain
countries_and_continents.csv,ISO3166-1-Alpha-2,250,wikipedia-iso-country-codes.csv,Alpha-2_code,246,245,0.98,0.995934959,0.493951613,251,246,semantic
countries_and_continents.csv,ISO3166-1-Alpha-2,250,Netflix_Shows.csv,rating,13,2,0.008,0.153846154,0.007604563,251,1000,domain
countries_and_continents.csv,ISO3166-1-Alpha-2,250,dataset_1_anneal.csv,family,3,1,0.004,0.333333333,0.003952569,251,898,domain
countries_and_continents.csv,ISO3166-1-Alpha-2,250,billboard_lyrics_1964-2015.csv,Source,4,1,0.004,0.25,0.003937008,251,5100,domain
countries_and_continents.csv,ISO3166-1-Alpha-3,250,wikipedia-iso-country-codes.csv,Alpha-3_code,246,245,0.98,0.995934959,0.493951613,251,246,semantic
countries_and_continents.csv,ISO3166-1-Alpha-3,250,edu.csv,c_codes,183,180,0.72,0.983606557,0.415704388,251,15312,semantic
countries_and_continents.csv,ISO3166-1-Alpha-3,250,fifa_ranking.csv,country_abrv,216,136,0.544,0.62962963,0.291845494,251,57793,semantic
countries_and_continents.csv,ISO3166-1-Alpha-3,250,fifa_ranking.csv,confederation,6,1,0.004,0.166666667,0.00390625,251,57793,domain
countries_and_continents.csv,ISO4217-currency_country_name,236,edu.csv,country,264,183,0.775423729,0.693181818,0.366,251,15312,semantic
countries_and_continents.csv,ITU,233,wikipedia-iso-country-codes.csv,Alpha-3_code,246,159,0.682403433,0.646341463,0.331941545,251,246,semantic
countries_and_continents.csv,ITU,233,fifa_ranking.csv,country_abrv,216,127,0.545064378,0.587962963,0.28285078,251,57793,semantic
countries_and_continents.csv,ITU,233,edu.csv,c_codes,183,123,0.527896996,0.672131148,0.295673077,251,15312,semantic
countries_and_continents.csv,ITU,233,dataset_1_anneal.csv,surface-quality,5,4,0.017167382,0.8,0.016806723,251,898,domain
countries_and_continents.csv,ITU,233,movies.csv,rating,13,2,0.008583691,0.153846154,0.008130081,251,6820,domain
countries_and_continents.csv,ITU,233,dataset_1_anneal.csv,steel,8,1,0.004291845,0.125,0.004149378,251,898,domain
countries_and_continents.csv,ITU,233,dataset_1_anneal.csv,condition,3,1,0.004291845,0.333333333,0.004237288,251,898,domain
countries_and_continents.csv,ITU,233,dataset_1_anneal.csv,bw%2Fme,3,1,0.004291845,0.333333333,0.004237288,251,898,domain
countries_and_continents.csv,ITU,233,dataset_1_anneal.csv,blue%2Fbright%2Fvarn%2Fclean,4,1,0.004291845,0.25,0.004219409,251,898,domain
countries_and_continents.csv,ITU,233,phpRiBb0c.csv,mfr,10,1,0.004291845,0.1,0.004115226,251,77,domain
countries_and_continents.csv,ITU,233,fifa_ranking.csv,confederation,6,1,0.004291845,0.166666667,0.0041841,251,57793,domain
dataset_34_postoperative-patient-data.csv,L_BP,3,billboard_lyrics_1964-2015.csv,Song,4583,1,0.333333333,0.000218198,0.000218055,90,5100,domain
dataset_34_postoperative-patient-data.csv,L_CORE,3,billboard_lyrics_1964-2015.csv,Song,4583,1,0.333333333,0.000218198,0.000218055,90,5100,domain
dataset_34_postoperative-patient-data.csv,L_O2,2,billboard_lyrics_1964-2015.csv,Song,4583,1,0.5,0.000218198,0.000218103,90,5100,domain
dataset_34_postoperative-patient-data.csv,L_SURF,3,billboard_lyrics_1964-2015.csv,Song,4583,1,0.333333333,0.000218198,0.000218055,90,5100,domain
movie_metadata.csv,language,47,ipums_la_98-small.csv,raceg,7,2,0.042553191,0.285714286,0.037037037,4932,7485,domain
Minimum_Wage_Data.csv,Low2018,548,gender_development.csv,Mean_Years_of_Education_Female,99,45,0.082116788,0.454545455,0.069551777,2750,195,domain
Minimum_Wage_Data.csv,Low2018,548,gender_development.csv,Mean_Years_of_Education_Male,90,45,0.082116788,0.5,0.070532915,2750,195,domain
Minimum_Wage_Data.csv,Low2018,548,gender_development.csv,Expected_Years_of_Education_Female,97,22,0.040145985,0.226804124,0.034108527,2750,195,domain
Minimum_Wage_Data.csv,Low2018,548,gender_development.csv,Expected_Years_of_Education_Male,85,14,0.025547445,0.164705882,0.022116904,2750,195,domain
Minimum_Wage_Data.csv,Low2018,548,ipums_la_98-small.csv,chborn,14,4,0.00729927,0.285714286,0.007117438,2750,7485,domain
Minimum_Wage_Data.csv,Low2018,548,billboard_lyrics_1964-2015.csv,Source,4,2,0.003649635,0.5,0.003623188,2750,5100,domain
Minimum_Wage_Data.csv,Low2018,548,countries_and_continents.csv,Continent,8,1,0.001824818,0.125,0.001798561,2750,251,domain
Minimum_Wage_Data.csv,Low2018,548,dataset_1_anneal.csv,class,5,1,0.001824818,0.2,0.001808318,2750,898,domain
Minimum_Wage_Data.csv,Low2018,548,phpRiBb0c.csv,protein,7,1,0.001824818,0.142857143,0.001801802,2750,77,domain
Minimum_Wage_Data.csv,LowValue,179,gender_development.csv,Mean_Years_of_Education_Female,99,55,0.30726257,0.555555556,0.197841727,2750,195,domain
Minimum_Wage_Data.csv,LowValue,179,gender_development.csv,Mean_Years_of_Education_Male,90,42,0.234636872,0.466666667,0.156133829,2750,195,domain
Minimum_Wage_Data.csv,LowValue,179,gender_development.csv,Expected_Years_of_Education_Female,97,23,0.12849162,0.237113402,0.083333333,2750,195,domain
Minimum_Wage_Data.csv,LowValue,179,gender_development.csv,Expected_Years_of_Education_Male,85,14,0.078212291,0.164705882,0.053030303,2750,195,domain
Minimum_Wage_Data.csv,LowValue,179,song_data.csv,song_popularity,102,12,0.067039106,0.117647059,0.042704626,2750,18835,domain
Minimum_Wage_Data.csv,LowValue,179,ipums_la_98-small.csv,chborn,14,8,0.044692737,0.571428571,0.041450777,2750,7485,domain
Minimum_Wage_Data.csv,LowValue,179,phpRiBb0c.csv,protein,7,6,0.033519553,0.857142857,0.032258065,2750,77,domain
Minimum_Wage_Data.csv,LowValue,179,dataset_1_anneal.csv,class,5,4,0.022346369,0.8,0.02173913,2750,898,domain
Minimum_Wage_Data.csv,LowValue,179,billboard_lyrics_1964-2015.csv,Source,4,4,0.022346369,1,0.021857923,2750,5100,domain
Minimum_Wage_Data.csv,LowValue,179,countries_and_continents.csv,Continent,8,1,0.005586592,0.125,0.005347594,2750,251,domain
WA_Fn-UseC_-HR-Employee-Attrition.csv,MaritalStatus,3,netflix_titles.csv,title,6173,1,0.333333333,0.000161996,0.000161917,1470,6236,domain
WA_Fn-UseC_-HR-Employee-Attrition.csv,MaritalStatus,3,ipums_la_98-small.csv,marst,6,1,0.333333333,0.166666667,0.111111111,1470,7485,domain
gender_development.csv,Mean_Years_of_Education_Female,99,ipums_la_98-small.csv,chborn,14,6,0.060606061,0.428571429,0.053097345,195,7485,domain
gender_development.csv,Mean_Years_of_Education_Female,99,phpRiBb0c.csv,protein,7,4,0.04040404,0.571428571,0.037735849,195,77,domain
gender_development.csv,Mean_Years_of_Education_Female,99,billboard_lyrics_1964-2015.csv,Source,4,2,0.02020202,0.5,0.019417476,195,5100,domain
gender_development.csv,Mean_Years_of_Education_Male,90,ipums_la_98-small.csv,chborn,14,5,0.055555556,0.357142857,0.048076923,195,7485,domain
gender_development.csv,Mean_Years_of_Education_Male,90,phpRiBb0c.csv,protein,7,3,0.033333333,0.428571429,0.030927835,195,77,domain
movie_metadata.csv,movie_title,4808,ipums_la_98-small.csv,chborn,14,2,0.000415973,0.142857143,0.000414766,4932,7485,domain
movie_metadata.csv,movie_title,4808,dataset_1_anneal.csv,class,5,1,0.000207987,0.2,0.000207771,4932,898,domain
movie_metadata.csv,movie_title,4808,ipums_la_98-small.csv,workedyr,3,1,0.000207987,0.333333333,0.000207857,4932,7485,domain
movie_metadata.csv,movie_title,4808,ipums_la_98-small.csv,vetstat,3,1,0.000207987,0.333333333,0.000207857,4932,7485,domain
movie_metadata.csv,movie_title,4808,phpRiBb0c.csv,mfr,10,1,0.000207987,0.1,0.000207555,4932,77,domain
movie_metadata.csv,movie_title,4808,phpRiBb0c.csv,protein,7,1,0.000207987,0.142857143,0.000207684,4932,77,domain
movie_metadata.csv,movie_title,4808,billboard_lyrics_1964-2015.csv,Source,4,1,0.000207987,0.25,0.000207814,4932,5100,domain
countries_and_continents.csv,name,250,wikipedia-iso-country-codes.csv,English_short_name_lower_case,246,205,0.82,0.833333333,0.413306452,251,246,semantic
countries_and_continents.csv,name,250,World_countries_env_vars.csv,Country,243,203,0.812,0.835390947,0.411764706,251,243,semantic
countries_and_continents.csv,name,250,countries_of_the_world.csv,Country,225,201,0.804,0.893333333,0.423157895,251,227,semantic
featuresdf.csv,name,100,song_data.csv,song_name,13070,74,0.74,0.005661821,0.005618831,100,18835,semantic
countries_and_continents.csv,name,250,fifa_ranking.csv,country_full,216,182,0.728,0.842592593,0.39055794,251,57793,semantic
countries_and_continents.csv,name,250,gender_development.csv,Country,195,160,0.64,0.820512821,0.359550562,251,195,semantic
countries_and_continents.csv,name,250,whr2015.csv,Country,158,147,0.588,0.930379747,0.360294118,251,158,semantic
countries_and_continents.csv,name,250,who_suicide_statistics.csv,country,141,114,0.456,0.808510638,0.291560102,251,43776,semantic
featuresdf.csv,name,100,dataSpotify.csv,song_title,1956,41,0.41,0.020961145,0.019941634,100,2017,semantic
countries_and_continents.csv,name,250,Word_University_Rank_2020.csv,Country,92,86,0.344,0.934782609,0.251461988,251,1396,semantic
featuresdf.csv,name,100,top10s.csv,title,584,33,0.33,0.056506849,0.048245614,100,603,semantic
countries_and_continents.csv,name,250,netflix_titles.csv,country,563,59,0.236,0.104795737,0.072570726,251,6236,semantic
countries_and_continents.csv,name,250,movie_metadata.csv,country,64,58,0.232,0.90625,0.184713376,251,4932,semantic
countries_and_continents.csv,name,250,cwurData.csv,country,59,56,0.224,0.949152542,0.181229773,251,2200,semantic
countries_and_continents.csv,name,250,movies.csv,country,57,52,0.208,0.912280702,0.169381107,251,6820,semantic
countries_and_continents.csv,name,250,ipums_la_98-small.csv,bplg,110,40,0.16,0.363636364,0.111111111,251,7485,domain
movies.csv,name,6731,movie_metadata.csv,movie_title,4808,3195,0.47466944,0.664517471,0.276887079,6820,4932,semantic
movies.csv,name,6731,Netflix_Shows.csv,title,496,100,0.014856633,0.201612903,0.013837,6820,1000,semantic
movies.csv,name,6731,plasma_retinol.csv,VITUSE,3,1,0.000148566,0.333333333,0.0001485,6820,315,domain
movies.csv,name,6731,ipums_la_98-small.csv,workedyr,3,1,0.000148566,0.333333333,0.0001485,6820,7485,domain
dataset_1_anneal.csv,non-ageing,2,phpRiBb0c.csv,mfr,10,1,0.5,0.1,0.083333333,898,77,domain
countries_and_continents.csv,official_name_en,242,wikipedia-iso-country-codes.csv,English_short_name_lower_case,246,205,0.847107438,0.833333333,0.420081967,251,246,semantic
countries_and_continents.csv,official_name_en,242,World_countries_env_vars.csv,Country,243,196,0.809917355,0.806584362,0.404123711,251,243,semantic
countries_and_continents.csv,official_name_en,242,countries_of_the_world.csv,Country,225,185,0.76446281,0.822222222,0.39614561,251,227,semantic
countries_and_continents.csv,official_name_en,242,gender_development.csv,Country,195,179,0.739669421,0.917948718,0.409610984,251,195,semantic
countries_and_continents.csv,official_name_en,242,fifa_ranking.csv,country_full,216,176,0.727272727,0.814814815,0.384279476,251,57793,semantic
countries_and_continents.csv,official_name_en,242,whr2015.csv,Country,158,135,0.55785124,0.85443038,0.3375,251,158,semantic
countries_and_continents.csv,official_name_en,242,who_suicide_statistics.csv,country,141,128,0.52892562,0.907801418,0.334203655,251,43776,semantic
countries_and_continents.csv,official_name_en,242,Word_University_Rank_2020.csv,Country,92,80,0.330578512,0.869565217,0.239520958,251,1396,semantic
countries_and_continents.csv,official_name_en,242,netflix_titles.csv,country,563,53,0.219008264,0.094138544,0.065838509,251,6236,semantic
countries_and_continents.csv,official_name_en,242,movie_metadata.csv,country,64,51,0.210743802,0.796875,0.166666667,251,4932,semantic
countries_and_continents.csv,official_name_en,242,cwurData.csv,country,59,50,0.20661157,0.847457627,0.166112957,251,2200,semantic
countries_and_continents.csv,official_name_en,242,movies.csv,country,57,44,0.181818182,0.771929825,0.147157191,251,6820,semantic
countries_and_continents.csv,official_name_en,242,ipums_la_98-small.csv,bplg,110,36,0.148760331,0.327272727,0.102272727,251,7485,domain
countries_and_continents.csv,official_name_fr,242,wikipedia-iso-country-codes.csv,English_short_name_lower_case,246,71,0.29338843,0.288617886,0.145491803,251,246,semantic
countries_and_continents.csv,official_name_fr,242,countries_of_the_world.csv,Country,225,66,0.272727273,0.293333333,0.141327623,251,227,semantic
countries_and_continents.csv,official_name_fr,242,fifa_ranking.csv,country_full,216,62,0.256198347,0.287037037,0.135371179,251,57793,semantic
countries_and_continents.csv,official_name_fr,242,World_countries_env_vars.csv,Country,243,61,0.252066116,0.251028807,0.125773196,251,243,semantic
countries_and_continents.csv,official_name_fr,242,gender_development.csv,Country,195,59,0.243801653,0.302564103,0.135011442,251,195,semantic
countries_and_continents.csv,official_name_fr,242,whr2015.csv,Country,158,43,0.17768595,0.272151899,0.1075,251,158,semantic
countries_and_continents.csv,official_name_fr,242,who_suicide_statistics.csv,country,141,36,0.148760331,0.255319149,0.093994778,251,43776,semantic
countries_and_continents.csv,official_name_fr,242,Word_University_Rank_2020.csv,Country,92,17,0.070247934,0.184782609,0.050898204,251,1396,semantic
countries_and_continents.csv,official_name_fr,242,movies.csv,country,57,9,0.037190083,0.157894737,0.030100334,251,6820,semantic
countries_and_continents.csv,official_name_fr,242,movie_metadata.csv,country,64,7,0.02892562,0.109375,0.022875817,251,4932,semantic
dataset_1_anneal.csv,oil,3,phpRiBb0c.csv,mfr,10,1,0.333333333,0.1,0.076923077,898,77,domain
WA_Fn-UseC_-HR-Employee-Attrition.csv,Over18,1,dataset_1_anneal.csv,bc,2,1,1,0.5,0.333333333,1470,898,domain
WA_Fn-UseC_-HR-Employee-Attrition.csv,Over18,1,dataset_1_anneal.csv,bf,2,1,1,0.5,0.333333333,1470,898,domain
WA_Fn-UseC_-HR-Employee-Attrition.csv,Over18,1,dataset_1_anneal.csv,bt,2,1,1,0.5,0.333333333,1470,898,domain
WA_Fn-UseC_-HR-Employee-Attrition.csv,Over18,1,dataset_1_anneal.csv,bl,2,1,1,0.5,0.333333333,1470,898,domain
WA_Fn-UseC_-HR-Employee-Attrition.csv,Over18,1,dataset_1_anneal.csv,cbond,2,1,1,0.5,0.333333333,1470,898,domain
WA_Fn-UseC_-HR-Employee-Attrition.csv,Over18,1,dataset_1_anneal.csv,exptl,2,1,1,0.5,0.333333333,1470,898,domain
WA_Fn-UseC_-HR-Employee-Attrition.csv,Over18,1,dataset_1_anneal.csv,ferro,2,1,1,0.5,0.333333333,1470,898,domain
WA_Fn-UseC_-HR-Employee-Attrition.csv,Over18,1,dataset_1_anneal.csv,lustre,2,1,1,0.5,0.333333333,1470,898,domain
WA_Fn-UseC_-HR-Employee-Attrition.csv,Over18,1,dataset_1_anneal.csv,oil,3,1,1,0.333333333,0.25,1470,898,domain
WA_Fn-UseC_-HR-Employee-Attrition.csv,OverTime,2,ipums_la_98-small.csv,workedyr,3,2,1,0.666666667,0.4,1470,7485,domain
WA_Fn-UseC_-HR-Employee-Attrition.csv,OverTime,2,countries_and_continents.csv,is_independent,19,1,0.5,0.052631579,0.047619048,1470,251,domain
WA_Fn-UseC_-HR-Employee-Attrition.csv,OverTime,2,movies.csv,name,6731,1,0.5,0.000148566,0.000148522,1470,6820,domain
WA_Fn-UseC_-HR-Employee-Attrition.csv,OverTime,2,movie_metadata.csv,movie_title,4808,1,0.5,0.000207987,0.0002079,1470,4932,domain
WA_Fn-UseC_-HR-Employee-Attrition.csv,OverTime,2,plasma_retinol.csv,VITUSE,3,1,0.5,0.333333333,0.2,1470,315,domain
WA_Fn-UseC_-HR-Employee-Attrition.csv,OverTime,2,ipums_la_98-small.csv,vetstat,3,1,0.5,0.333333333,0.2,1470,7485,domain
dataset_1_anneal.csv,phos,2,phpRiBb0c.csv,mfr,10,1,0.5,0.1,0.083333333,898,77,domain
dataset_1_anneal.csv,phos,2,phpRiBb0c.csv,calories,12,1,0.5,0.083333333,0.071428571,898,77,domain
dataset_1_anneal.csv,product_type,1,phpRiBb0c.csv,type,5,1,1,0.2,0.166666667,898,77,domain
dataset_1_anneal.csv,product_type,1,phpRiBb0c.csv,protein,7,1,1,0.142857143,0.125,898,77,domain
phpRiBb0c.csv,protein,7,billboard_lyrics_1964-2015.csv,Source,4,3,0.428571429,0.75,0.272727273,77,5100,domain
phpRiBb0c.csv,protein,7,billboard_lyrics_1964-2015.csv,Song,4583,1,0.142857143,0.000218198,0.000217865,77,5100,domain
Word_University_Rank_2020.csv,Rank_Char,145,song_data.csv,song_popularity,102,79,0.544827586,0.774509804,0.319838057,1396,18835,domain
Word_University_Rank_2020.csv,Rank_Char,145,Netflix_Shows.csv,user_rating_score,43,31,0.213793103,0.720930233,0.164893617,1396,1000,domain
Word_University_Rank_2020.csv,Rank_Char,145,gender_development.csv,Life_Expectancy_at_Birth_Female,133,15,0.103448276,0.112781955,0.053956835,1396,195,domain
Word_University_Rank_2020.csv,Rank_Char,145,gender_development.csv,Mean_Years_of_Education_Female,99,11,0.075862069,0.111111111,0.045081967,1396,195,domain
Word_University_Rank_2020.csv,Rank_Char,145,gender_development.csv,Mean_Years_of_Education_Male,90,9,0.062068966,0.1,0.038297872,1396,195,domain
Word_University_Rank_2020.csv,Rank_Char,145,ipums_la_98-small.csv,chborn,14,8,0.055172414,0.571428571,0.050314465,1396,7485,domain
Word_University_Rank_2020.csv,Rank_Char,145,phpRiBb0c.csv,calories,12,7,0.048275862,0.583333333,0.044585987,1396,77,domain
Word_University_Rank_2020.csv,Rank_Char,145,phpRiBb0c.csv,protein,7,6,0.04137931,0.857142857,0.039473684,1396,77,domain
Word_University_Rank_2020.csv,Rank_Char,145,dataset_1_anneal.csv,class,5,4,0.027586207,0.8,0.026666667,1396,898,domain
Word_University_Rank_2020.csv,Rank_Char,145,billboard_lyrics_1964-2015.csv,Source,4,3,0.020689655,0.75,0.020134228,1396,5100,domain
IMDB-Movie-Data.csv,Rating,65,gender_development.csv,Mean_Years_of_Education_Male,90,46,0.707692308,0.511111111,0.296774194,1000,195,domain
IMDB-Movie-Data.csv,Rating,65,gender_development.csv,Mean_Years_of_Education_Female,99,38,0.584615385,0.383838384,0.231707317,1000,195,domain
IMDB-Movie-Data.csv,Rating,65,Minimum_Wage_Data.csv,Low2018,548,36,0.553846154,0.065693431,0.058727569,1000,2750,domain
IMDB-Movie-Data.csv,Rating,65,Minimum_Wage_Data.csv,LowValue,179,33,0.507692308,0.184357542,0.135245902,1000,2750,domain
IMDB-Movie-Data.csv,Rating,65,Minimum_Wage_Data.csv,High2018,485,31,0.476923077,0.063917526,0.056363636,1000,2750,domain
IMDB-Movie-Data.csv,Rating,65,Minimum_Wage_Data.csv,HighValue,173,30,0.461538462,0.173410405,0.12605042,1000,2750,domain
IMDB-Movie-Data.csv,Rating,65,gender_development.csv,Expected_Years_of_Education_Female,97,17,0.261538462,0.175257732,0.104938272,1000,195,domain
IMDB-Movie-Data.csv,Rating,65,countries_and_continents.csv,GAUL,244,11,0.169230769,0.045081967,0.035598706,1000,251,domain
IMDB-Movie-Data.csv,Rating,65,song_data.csv,song_popularity,102,10,0.153846154,0.098039216,0.05988024,1000,18835,domain
IMDB-Movie-Data.csv,Rating,65,Word_University_Rank_2020.csv,Rank_Char,145,9,0.138461538,0.062068966,0.042857143,1000,1396,domain
IMDB-Movie-Data.csv,Rating,65,gender_development.csv,Expected_Years_of_Education_Male,85,7,0.107692308,0.082352941,0.046666667,1000,195,domain
IMDB-Movie-Data.csv,Rating,65,ipums_la_98-small.csv,chborn,14,6,0.092307692,0.428571429,0.075949367,1000,7485,domain
netflix_titles.csv,rating,23,Netflix_Shows.csv,rating,13,13,0.565217391,1,0.361111111,6236,1000,domain
movies.csv,rating,13,Netflix_Shows.csv,rating,13,7,0.538461538,0.538461538,0.269230769,6820,1000,domain
netflix_titles.csv,rating,23,movies.csv,rating,13,8,0.347826087,0.615384615,0.222222222,6236,6820,domain
IMDB-Movie-Data.csv,Rating,65,phpRiBb0c.csv,protein,7,3,0.046153846,0.428571429,0.041666667,1000,77,domain
movies.csv,rating,13,phpRiBb0c.csv,mfr,10,2,0.153846154,0.2,0.086956522,6820,77,domain
Netflix_Shows.csv,rating,13,phpRiBb0c.csv,mfr,10,2,0.153846154,0.2,0.086956522,1000,77,domain
netflix_titles.csv,rating,23,phpRiBb0c.csv,mfr,10,2,0.086956522,0.2,0.060606061,6236,77,domain
IMDB-Movie-Data.csv,Rating,65,dataset_1_anneal.csv,class,5,1,0.015384615,0.2,0.014285714,1000,898,domain
IMDB-Movie-Data.csv,Rating,65,billboard_lyrics_1964-2015.csv,Source,4,1,0.015384615,0.25,0.014492754,1000,5100,domain
movies.csv,rating,13,dataset_1_anneal.csv,steel,8,1,0.076923077,0.125,0.047619048,6820,898,domain
movies.csv,rating,13,dataset_1_anneal.csv,surface-quality,5,1,0.076923077,0.2,0.055555556,6820,898,domain
movies.csv,rating,13,dataset_1_anneal.csv,bw%2Fme,3,1,0.076923077,0.333333333,0.0625,6820,898,domain
movies.csv,rating,13,dataset_1_anneal.csv,blue%2Fbright%2Fvarn%2Fclean,4,1,0.076923077,0.25,0.058823529,6820,898,domain
Netflix_Shows.csv,rating,13,dataset_1_anneal.csv,steel,8,1,0.076923077,0.125,0.047619048,1000,898,domain
Netflix_Shows.csv,rating,13,dataset_1_anneal.csv,surface-quality,5,1,0.076923077,0.2,0.055555556,1000,898,domain
netflix_titles.csv,rating,23,dataset_1_anneal.csv,steel,8,1,0.043478261,0.125,0.032258065,6236,898,domain
netflix_titles.csv,rating,23,dataset_1_anneal.csv,surface-quality,5,1,0.043478261,0.2,0.035714286,6236,898,domain
worldcitiespop.csv,Region,397,countries_and_continents.csv,EDGAR,213,159,0.400503778,0.746478873,0.260655738,3173958,251,domain
worldcitiespop.csv,Region,397,song_data.csv,song_popularity,102,90,0.226700252,0.882352941,0.180360721,3173958,18835,domain
worldcitiespop.csv,Region,397,countries_and_continents.csv,GAUL,244,79,0.198992443,0.323770492,0.12324493,3173958,251,domain
worldcitiespop.csv,Region,397,Word_University_Rank_2020.csv,Rank_Char,145,70,0.176322418,0.482758621,0.129151292,3173958,1396,domain
worldcitiespop.csv,Region,397,countries_and_continents.csv,Dial,229,44,0.110831234,0.192139738,0.07028754,3173958,251,domain
worldcitiespop.csv,Region,397,Netflix_Shows.csv,user_rating_score,43,42,0.105793451,0.976744186,0.095454545,3173958,1000,domain
whr2015.csv,Region,10,gender_development.csv,Country,195,1,0.1,0.005128205,0.004878049,158,195,domain
worldcitiespop.csv,Region,397,countries_and_continents.csv,ISO3166-1-Alpha-2,250,36,0.090680101,0.144,0.055641422,3173958,251,domain
worldcitiespop.csv,Region,397,wikipedia-iso-country-codes.csv,Alpha-2_code,246,36,0.090680101,0.146341463,0.055987558,3173958,246,domain
worldcitiespop.csv,Region,397,countries_and_continents.csv,FIPS,248,34,0.085642317,0.137096774,0.052713178,3173958,251,domain
worldcitiespop.csv,Region,397,countries_and_continents.csv,WMO,214,23,0.057934509,0.107476636,0.037643208,3173958,251,domain
worldcitiespop.csv,Region,397,IMDB-Movie-Data.csv,Runtime_Minutes,103,22,0.055415617,0.213592233,0.044,3173958,1000,domain
worldcitiespop.csv,Region,397,gender_development.csv,Life_Expectancy_at_Birth_Female,133,18,0.04534005,0.135338346,0.033962264,3173958,195,domain
worldcitiespop.csv,Region,397,gender_development.csv,Life_Expectancy_at_Birth_Male,139,15,0.037783375,0.107913669,0.027985075,3173958,195,domain
worldcitiespop.csv,Region,397,dataset_34_postoperative-patient-data.csv,COMFORT,5,4,0.010075567,0.8,0.009950249,3173958,90,domain
worldcitiespop.csv,Region,397,phpRiBb0c.csv,calories,12,4,0.010075567,0.333333333,0.009779951,3173958,77,domain
worldcitiespop.csv,Region,397,countries_and_continents.csv,Continent,8,1,0.002518892,0.125,0.002469136,3173958,251,domain
worldcitiespop.csv,Region,397,dataset_1_anneal.csv,family,3,1,0.002518892,0.333333333,0.0025,3173958,898,domain
IMDB-Movie-Data.csv,Runtime_Minutes,103,countries_and_continents.csv,GAUL,244,79,0.766990291,0.323770492,0.227665706,1000,251,domain
IMDB-Movie-Data.csv,Runtime_Minutes,103,Word_University_Rank_2020.csv,Rank_Char,145,55,0.533980583,0.379310345,0.221774194,1000,1396,domain
IMDB-Movie-Data.csv,Runtime_Minutes,103,Brainsize.csv,Weight,33,24,0.233009709,0.727272727,0.176470588,1000,40,domain
IMDB-Movie-Data.csv,Runtime_Minutes,103,song_data.csv,song_popularity,102,23,0.223300971,0.225490196,0.112195122,1000,18835,domain
IMDB-Movie-Data.csv,Runtime_Minutes,103,Netflix_Shows.csv,user_rating_score,43,21,0.203883495,0.488372093,0.143835616,1000,1000,domain
IMDB-Movie-Data.csv,Runtime_Minutes,103,countries_and_continents.csv,Dial,229,12,0.116504854,0.052401747,0.036144578,1000,251,domain
IMDB-Movie-Data.csv,Runtime_Minutes,103,phpRiBb0c.csv,calories,12,8,0.077669903,0.666666667,0.069565217,1000,77,domain
iq_brain_size.csv,SEX,2,WA_Fn-UseC_-HR-Employee-Attrition.csv,Gender,2,2,1,1,0.5,20,1470,domain
iq_brain_size.csv,SEX,2,plasma_retinol.csv,SEX,2,2,1,1,0.5,20,315,domain
iq_brain_size.csv,SEX,2,ipums_la_98-small.csv,sex,2,2,1,1,0.5,20,7485,domain
iq_brain_size.csv,SEX,2,countries_and_continents.csv,Capital,243,1,0.5,0.004115226,0.004081633,20,251,domain
plasma_retinol.csv,SEX,2,ipums_la_98-small.csv,sex,2,2,1,1,0.5,315,7485,semantic
song_data.csv,song_name,13070,dataSpotify.csv,song_title,1956,453,0.034659526,0.231595092,0.030147744,18835,2017,semantic
song_data.csv,song_name,13070,ipums_la_98-small.csv,migplac5,50,5,0.000382555,0.1,0.000381098,18835,7485,domain
song_data.csv,song_name,13070,movies.csv,genre,17,2,0.000153022,0.117647059,0.000152823,18835,6820,domain
song_data.csv,song_name,13070,dataset_1_anneal.csv,non-ageing,2,1,7.65e-05,0.5,7.65e-05,18835,898,domain
song_data.csv,song_name,13070,dataset_1_anneal.csv,oil,3,1,7.65e-05,0.333333333,7.65e-05,18835,898,domain
song_data.csv,song_name,13070,phpRiBb0c.csv,mfr,10,1,7.65e-05,0.1,7.65e-05,18835,77,domain
song_data.csv,song_popularity,102,Netflix_Shows.csv,user_rating_score,43,42,0.411764706,0.976744186,0.289655172,18835,1000,domain
song_data.csv,song_popularity,102,gender_development.csv,Life_Expectancy_at_Birth_Female,133,18,0.176470588,0.135338346,0.076595745,18835,195,domain
song_data.csv,song_popularity,102,gender_development.csv,Life_Expectancy_at_Birth_Male,139,15,0.147058824,0.107913669,0.062240664,18835,195,domain
song_data.csv,song_popularity,102,gender_development.csv,Mean_Years_of_Education_Female,99,11,0.107843137,0.111111111,0.054726368,18835,195,domain
song_data.csv,song_popularity,102,gender_development.csv,Expected_Years_of_Education_Female,97,10,0.098039216,0.103092784,0.050251256,18835,195,domain
song_data.csv,song_popularity,102,gender_development.csv,Expected_Years_of_Education_Male,85,9,0.088235294,0.105882353,0.048128342,18835,195,domain
song_data.csv,song_popularity,102,gender_development.csv,Mean_Years_of_Education_Male,90,9,0.088235294,0.1,0.046875,18835,195,domain
song_data.csv,song_popularity,102,ipums_la_98-small.csv,chborn,14,8,0.078431373,0.571428571,0.068965517,18835,7485,domain
song_data.csv,song_popularity,102,phpRiBb0c.csv,protein,7,6,0.058823529,0.857142857,0.055045872,18835,77,domain
song_data.csv,song_popularity,102,phpRiBb0c.csv,calories,12,5,0.049019608,0.416666667,0.043859649,18835,77,domain
song_data.csv,song_popularity,102,dataset_1_anneal.csv,class,5,4,0.039215686,0.8,0.037383178,18835,898,domain
song_data.csv,song_popularity,102,billboard_lyrics_1964-2015.csv,Source,4,3,0.029411765,0.75,0.028301887,18835,5100,domain
dataSpotifyClass.csv,song_title,1956,dataSpotify.csv,song_title,1956,1956,1,1,0.5,2017,2017,semantic
dataSpotifyClass.csv,song_title,1956,song_data.csv,song_name,13070,453,0.231595092,0.034659526,0.030147744,2017,18835,semantic
dataSpotifyClass.csv,song_title,1956,featuresdf.csv,name,100,41,0.020961145,0.41,0.019941634,2017,100,semantic
movies.csv,star,2504,movie_metadata.csv,actor_1_name,2036,555,0.221645367,0.27259332,0.122246696,6820,4932,semantic
Minimum_Wage_Data.csv,State,55,ipums_la_98-small.csv,bplg,110,41,0.745454545,0.372727273,0.248484848,2750,7485,domain
Minimum_Wage_Data.csv,State,55,ipums_la_98-small.csv,migplac5,50,35,0.636363636,0.7,0.333333333,2750,7485,domain
Minimum_Wage_Data.csv,State,55,song_data.csv,song_name,13070,7,0.127272727,0.000535578,0.000533333,2750,18835,domain
dataset_1_anneal.csv,steel,8,phpRiBb0c.csv,mfr,10,3,0.375,0.3,0.166666667,898,77,domain
dataset_1_anneal.csv,steel,8,phpRiBb0c.csv,calories,12,1,0.125,0.083333333,0.05,898,77,domain
dataset_1_anneal.csv,surface-finish,2,phpRiBb0c.csv,mfr,10,1,0.5,0.1,0.083333333,898,77,domain
dataset_1_anneal.csv,surface-finish,2,phpRiBb0c.csv,calories,12,1,0.5,0.083333333,0.071428571,898,77,domain
dataset_1_anneal.csv,surface-quality,5,phpRiBb0c.csv,mfr,10,1,0.2,0.1,0.066666667,898,77,domain
Minimum_Wage_Data.csv,Table_Data,311,countries_and_continents.csv,Continent,8,1,0.003215434,0.125,0.003134796,2750,251,domain
Minimum_Wage_Data.csv,Table_Data,311,billboard_lyrics_1964-2015.csv,Source,4,1,0.003215434,0.25,0.003174603,2750,5100,domain
IMDB-Movie-Data.csv,Title,999,movies.csv,name,6731,773,0.773773774,0.114841777,0.1,1000,6820,semantic
IMDB-Movie-Data.csv,Title,999,movie_metadata.csv,movie_title,4808,630,0.630630631,0.131031614,0.108489754,1000,4932,semantic
IMDB-Movie-Data.csv,Title,999,netflix_titles.csv,title,6173,190,0.19019019,0.0307792,0.026491913,1000,6236,semantic
top10s.csv,title,584,song_data.csv,song_name,13070,276,0.47260274,0.021117062,0.020213857,603,18835,domain
Netflix_Shows.csv,title,496,movie_metadata.csv,movie_title,4808,82,0.165322581,0.017054908,0.01546003,1000,4932,semantic
netflix_titles.csv,title,6173,movie_metadata.csv,movie_title,4808,513,0.083103839,0.106697171,0.046717057,6236,4932,semantic
netflix_titles.csv,title,6173,Netflix_Shows.csv,title,496,242,0.039202981,0.487903226,0.036287299,6236,1000,semantic
top10s.csv,title,584,dataset_1_anneal.csv,class,5,1,0.001712329,0.2,0.001697793,603,898,domain
top10s.csv,title,584,phpRiBb0c.csv,protein,7,1,0.001712329,0.142857143,0.001692047,603,77,domain
top10s.csv,title,584,billboard_lyrics_1964-2015.csv,Source,4,1,0.001712329,0.25,0.00170068,603,5100,domain
netflix_titles.csv,title,6173,movies.csv,genre,17,2,0.000323992,0.117647059,0.000323102,6236,6820,domain
netflix_titles.csv,title,6173,phpRiBb0c.csv,mfr,10,2,0.000323992,0.2,0.000323468,6236,77,domain
netflix_titles.csv,title,6173,dataset_1_anneal.csv,steel,8,1,0.000161996,0.125,0.000161786,6236,898,domain
netflix_titles.csv,title,6173,dataset_1_anneal.csv,surface-finish,2,1,0.000161996,0.5,0.000161943,6236,898,domain
netflix_titles.csv,title,6173,dataset_1_anneal.csv,phos,2,1,0.000161996,0.5,0.000161943,6236,898,domain
top50.csv,TrackName,50,top10s.csv,title,584,13,0.26,0.022260274,0.020504732,50,603,semantic
netflix_titles.csv,type,4,movie_metadata.csv,director_name,2346,1,0.25,0.000426257,0.000425532,6236,4932,domain
Word_University_Rank_2020.csv,University,1395,cwurData.csv,institution,1024,640,0.458781362,0.625,0.264572137,1396,2200,semantic
Netflix_Shows.csv,user_rating_score,43,gender_development.csv,Life_Expectancy_at_Birth_Female,133,17,0.395348837,0.127819549,0.096590909,1000,195,domain
Netflix_Shows.csv,user_rating_score,43,gender_development.csv,Life_Expectancy_at_Birth_Male,139,15,0.348837209,0.107913669,0.082417582,1000,195,domain
Netflix_Shows.csv,user_rating_score,43,phpRiBb0c.csv,calories,12,3,0.069767442,0.25,0.054545455,1000,77,domain
Netflix_Shows.csv,user_rating_score,43,billboard_lyrics_1964-2015.csv,Source,4,1,0.023255814,0.25,0.021276596,1000,5100,domain
plasma_retinol.csv,VITUSE,3,ipums_la_98-small.csv,workedyr,3,1,0.333333333,0.333333333,0.166666667,315,7485,domain
IMDB-Movie-Data.csv,Votes,996,dataset_1_anneal.csv,class,5,1,0.001004016,0.2,0.000999001,1000,898,domain
IMDB-Movie-Data.csv,Votes,996,phpRiBb0c.csv,protein,7,1,0.001004016,0.142857143,0.000997009,1000,77,domain
IMDB-Movie-Data.csv,Votes,996,billboard_lyrics_1964-2015.csv,Source,4,1,0.001004016,0.25,0.001,1000,5100,domain
Brainsize.csv,Weight,33,countries_and_continents.csv,GAUL,244,27,0.818181818,0.110655738,0.097472924,40,251,domain
Brainsize.csv,Weight,33,Word_University_Rank_2020.csv,Rank_Char,145,17,0.515151515,0.117241379,0.095505618,40,1396,domain
Brainsize.csv,Weight,33,ipums_la_98-small.csv,ownershg,3,1,0.03030303,0.333333333,0.027777778,40,7485,domain
Brainsize.csv,Weight,33,ipums_la_98-small.csv,educrec,10,1,0.03030303,0.1,0.023255814,40,7485,domain
Brainsize.csv,Weight,33,ipums_la_98-small.csv,schltype,4,1,0.03030303,0.25,0.027027027,40,7485,domain
Brainsize.csv,Weight,33,ipums_la_98-small.csv,empstatg,4,1,0.03030303,0.25,0.027027027,40,7485,domain
Brainsize.csv,Weight,33,ipums_la_98-small.csv,labforce,3,1,0.03030303,0.333333333,0.027777778,40,7485,domain
Brainsize.csv,Weight,33,ipums_la_98-small.csv,classwkg,3,1,0.03030303,0.333333333,0.027777778,40,7485,domain
Brainsize.csv,Weight,33,ipums_la_98-small.csv,wkswork2,7,1,0.03030303,0.142857143,0.025,40,7485,domain
Brainsize.csv,Weight,33,ipums_la_98-small.csv,hrswork2,9,1,0.03030303,0.111111111,0.023809524,40,7485,domain
Brainsize.csv,Weight,33,ipums_la_98-small.csv,yrlastwk,8,1,0.03030303,0.125,0.024390244,40,7485,domain
Brainsize.csv,Weight,33,ipums_la_98-small.csv,workedyr,3,1,0.03030303,0.333333333,0.027777778,40,7485,domain
Brainsize.csv,Weight,33,ipums_la_98-small.csv,migrat5g,6,1,0.03030303,0.166666667,0.025641026,40,7485,domain
Brainsize.csv,Weight,33,ipums_la_98-small.csv,vetstat,3,1,0.03030303,0.333333333,0.027777778,40,7485,domain
countries_and_continents.csv,WMO,214,wikipedia-iso-country-codes.csv,Alpha-2_code,246,153,0.714953271,0.62195122,0.332608696,251,246,semantic
countries_and_continents.csv,WMO,214,Netflix_Shows.csv,rating,13,2,0.009345794,0.153846154,0.008810573,251,1000,domain
countries_and_continents.csv,WMO,214,dataset_1_anneal.csv,family,3,1,0.004672897,0.333333333,0.004608295,251,898,domain
movies.csv,writer,4199,movie_metadata.csv,director_name,2346,739,0.175994284,0.315004263,0.112910619,6820,4932,domain
IMDB-Movie-Data.csv,Year,23,netflix_titles.csv,release_year,81,11,0.47826087,0.135802469,0.105769231,1000,6236,semantic
IMDB-Movie-Data.csv,Year,23,movies.csv,director,2759,4,0.173913043,0.001449801,0.001437815,1000,6820,domain
IMDB-Movie-Data.csv,Year,23,movie_metadata.csv,director_name,2346,4,0.173913043,0.00170503,0.001688476,1000,4932,domain
